{
  "trade_id": "10404",
  "documents": [],
  "api_endpoints": [
    {
      "url": "https://api.qpartners.kz/api/public/trade/buy/10404",
      "status": "error_404",
      "data": null
    },
    {
      "url": "https://api.qpartners.kz/api/public/trade/buy/10404/documents",
      "status": "error_404",
      "data": null
    },
    {
      "url": "https://api.qpartners.kz/api/public/trade/buy/10404/files",
      "status": "error_404",
      "data": null
    },
    {
      "url": "https://api.qpartners.kz/api/public/trade/buy/10404/attachments",
      "status": "error_404",
      "data": null
    },
    {
      "url": "https://api.qpartners.kz/api/public/trade/buy/10404/lots",
      "status": "error_404",
      "data": null
    },
    {
      "url": "https://api.qpartners.kz/api/public/trade/buy/10404/items",
      "status": "error_404",
      "data": null
    },
    {
      "url": "https://api.qpartners.kz/api/public/trade/buy/10404/lots/documents",
      "status": "error_404",
      "data": null
    }
  ],
  "found_files": [],
  "html_analysis": {
    "status": 200,
    "hidden_data": [],
    "script_vars": [],
    "json_blocks": []
  }
}