[
  {
    "id": "10790",
    "number": "10790-1",
    "title": "модули МПП",
    "status": "Опубликовано",
    "amount": 0,
    "start_date": "",
    "end_date": "",
    "link": "https://qpartners.kz/public/buys/show/10790",
    "files": [],
    "files_count": 0
  },
  {
    "id": "10789",
    "number": "10789-1",
    "title": "Ремонт системы наружной канализации Фабрики ГМО Лисаковск",
    "status": "Опубликовано",
    "amount": 0,
    "start_date": "",
    "end_date": "",
    "link": "https://qpartners.kz/public/buys/show/10789",
    "files": [],
    "files_count": 0
  },
  {
    "id": "10788",
    "number": "10788-1",
    "title": "канат стальной",
    "status": "Опубликовано",
    "amount": 0,
    "start_date": "",
    "end_date": "",
    "link": "https://qpartners.kz/public/buys/show/10788",
    "files": [],
    "files_count": 0
  },
  {
    "id": "10787",
    "number": "5677-11",
    "title": "ЦВС  Бурение наблюдательных скважин глубиной 20 м месторождения Верхний Бьеф",
    "status": "Опубликовано",
    "amount": 0,
    "start_date": "",
    "end_date": "",
    "link": "https://qpartners.kz/public/buys/show/10787",
    "files": [],
    "files_count": 0
  },
  {
    "id": "10785",
    "number": "10785-1",
    "title": "Лабораторные исследования воды для промышленной зоны Производства №1 РГТО (скважина 90Э), микрорайона \"Заводской\" (скважины 78Э, 6878Э), Производства №3 (скважины №1 и №2) ТОО Курылысмет на 3 квартал 2026 и 1 квартал 2027 года",
    "status": "Опубликовано",
    "amount": 0,
    "start_date": "",
    "end_date": "",
    "link": "https://qpartners.kz/public/buys/show/10785",
    "files": [],
    "files_count": 0
  },
  {
    "id": "10784",
    "number": "10215-2",
    "title": "Выполнение работ НИР \"Оказание научно-методической помощи предприятиям УД АО \"Qarmet\" (Ретендер - изменение ТС)",
    "status": "Опубликовано",
    "amount": 0,
    "start_date": "",
    "end_date": "",
    "link": "https://qpartners.kz/public/buys/show/10784",
    "files": [],
    "files_count": 0
  },
  {
    "id": "10783",
    "number": "10783-1",
    "title": "Проработка цен на 2026 год",
    "status": "Опубликовано",
    "amount": 0,
    "start_date": "",
    "end_date": "",
    "link": "https://qpartners.kz/public/buys/show/10783",
    "files": [],
    "files_count": 0
  },
  {
    "id": "10782",
    "number": "10782-1",
    "title": "УЖДТ. ТО, поверка систем, приборов и СИ",
    "status": "Опубликовано",
    "amount": 11,
    "start_date": "",
    "end_date": "",
    "link": "https://qpartners.kz/public/buys/show/10782",
    "files": [],
    "files_count": 0
  },
  {
    "id": "10781",
    "number": "10781-1",
    "title": "Патрон регенеративный к респиратору Р34",
    "status": "Опубликовано",
    "amount": 0,
    "start_date": "",
    "end_date": "",
    "link": "https://qpartners.kz/public/buys/show/10781",
    "files": [],
    "files_count": 0
  },
  {
    "id": "10780",
    "number": "10780-1",
    "title": "Ленточное полотно",
    "status": "Опубликовано",
    "amount": 0,
    "start_date": "",
    "end_date": "",
    "link": "https://qpartners.kz/public/buys/show/10780",
    "files": [],
    "files_count": 0
  },
  {
    "id": "10778",
    "number": "10778-1",
    "title": "Проведение аттестации рабочих мест по условиям труда Представительство «Оркен-Атасу» ТОО «Оркен»",
    "status": "Опубликовано",
    "amount": 0,
    "start_date": "",
    "end_date": "",
    "link": "https://qpartners.kz/public/buys/show/10778",
    "files": [],
    "files_count": 0
  },
  {
    "id": "10777",
    "number": "10777-1",
    "title": "КХП. Подготовительные работы на участие строительства новых коксовых батарей с верхней загрузкой №8-9 (3)",
    "status": "Опубликовано",
    "amount": 0,
    "start_date": "",
    "end_date": "",
    "link": "https://qpartners.kz/public/buys/show/10777",
    "files": [],
    "files_count": 0
  },
  {
    "id": "10774",
    "number": "10774-1",
    "title": "609573 Кольцо ч.5832.29.286,657467 Кольцо ч.5832.30.266-A,619334 Планка ч. 63м- 619556 Крышка задняя ч.63м-3002,6788091038,619556 Клетка управления ч.301.70-59,678 Импеллер конусн.типа ,685939  Башмак токосъем.гл.троллей",
    "status": "Опубликовано",
    "amount": 0,
    "start_date": "",
    "end_date": "",
    "link": "https://qpartners.kz/public/buys/show/10774",
    "files": [],
    "files_count": 0
  },
  {
    "id": "10773",
    "number": "10773-1",
    "title": "Пушка  Э-7-050 ч.12095.01.00-2сб",
    "status": "Опубликовано",
    "amount": 0,
    "start_date": "",
    "end_date": "",
    "link": "https://qpartners.kz/public/buys/show/10773",
    "files": [],
    "files_count": 0
  },
  {
    "id": "10772",
    "number": "10772-1",
    "title": "Лабораторное оборудование",
    "status": "Опубликовано",
    "amount": 0,
    "start_date": "",
    "end_date": "",
    "link": "https://qpartners.kz/public/buys/show/10772",
    "files": [],
    "files_count": 0
  }
]